{
    "bone_rotations": {
        "clavicle_l": [
            0.0,
            -0.0,
            0.2617993950843811
        ],
        "clavicle_r": [
            0.0,
            -0.0,
            -0.2617993950843811
        ],
        "foot_l": [
            0.0,
            0.09599310904741287,
            -0.05235987901687622
        ],
        "foot_r": [
            0.0,
            -0.09599310904741287,
            0.05235987901687622
        ],
        "lowerarm_l": [
            -0.6108652353286743,
            -0.0,
            0.0
        ],
        "lowerarm_r": [
            -0.6108652353286743,
            -0.0,
            0.0
        ],
        "thigh_l": [
            0.05235987901687622,
            0.0,
            0.09599310904741287
        ],
        "thigh_r": [
            0.05235987901687622,
            -0.0,
            -0.09599310904741287
        ],
        "upperarm_l": [
            0.0,
            -0.0,
            0.5585053563117981
        ],
        "upperarm_r": [
            0.0,
            -0.0,
            -0.5585053563117981
        ]
    },
    "bone_translations": {},
    "has_ik_bones": false,
    "original_shoulder_width": 0,
    "original_spine_length": 0,
    "skeleton_type": "game_engine"
}