{
    "bone_rotations": {
        "LHipJoint": [
            0.0,
            -0.0,
            -0.1745329201221466
        ],
        "LeftArm": [
            0.0,
            -0.0,
            0.4363323152065277
        ],
        "LeftForeArm": [
            -0.6108652353286743,
            -0.0,
            0.0
        ],
        "LeftShoulder": [
            0.0,
            -0.0,
            0.36651915311813354
        ],
        "LeftUpLeg": [
            0.0,
            0.06981316953897476,
            0.05235987901687622
        ],
        "RHipJoint": [
            0.0,
            -0.0,
            0.1745329201221466
        ],
        "RightArm": [
            0.0,
            -0.0,
            -0.4363323152065277
        ],
        "RightForeArm": [
            -0.6108652353286743,
            -0.0,
            0.0
        ],
        "RightShoulder": [
            0.0,
            -0.0,
            -0.36651915311813354
        ],
        "RightUpLeg": [
            0.0,
            -0.06981316953897476,
            -0.05235987901687622
        ]
    },
    "bone_translations": {},
    "has_ik_bones": false,
    "original_shoulder_width": 0,
    "original_spine_length": 0,
    "skeleton_type": "cmu_mb"
}