{
    "bone_rotations": {
        "clavicle.L": [
            0.0,
            0.0,
            0.1745329201221466
        ],
        "clavicle.R": [
            0.0,
            0.0,
            -0.1745329201221466
        ],
        "foot.L": [
            -0.00039399348315782845,
            0.09548985958099365,
            -0.049823109060525894
        ],
        "foot.R": [
            -0.0006181685603223741,
            -0.10270101577043533,
            0.053604915738105774
        ],
        "lowerarm01.L": [
            -0.6457718014717102,
            0.0,
            0.0
        ],
        "lowerarm01.R": [
            -0.6457718014717102,
            -2.9802318834981634e-08,
            5.774199252073231e-08
        ],
        "pelvis.L": [
            0.03490658476948738,
            0.0,
            0.0
        ],
        "pelvis.R": [
            0.03490658476948738,
            0.0,
            0.0
        ],
        "shoulder01.L": [
            0.0,
            0.0,
            0.13962634016
        ],
        "shoulder01.R": [
            0.0,
            0.0,
            -0.13962634016
        ],
        "upperarm01.L": [
            0.0,
            0.0,
            0.5235987901687622
        ],
        "upperarm01.R": [
            1.1583314751817397e-08,
            1.4901170075631853e-08,
            -0.5235987901687622
        ],
        "upperleg01.L": [
            0.0,
            0.0,
            0.05235987901687622
        ],
        "upperleg01.R": [
            0.0,
            0.0,
            -0.05235987901687622
        ],
        "upperleg02.L": [
            0.0,
            0.0,
            0.05235987901687622
        ],
        "upperleg02.R": [
            0.0,
            0.0,
            -0.05235987901687622
        ]
    },
    "bone_translations": {
        "root": [
            0.0,
            0.0002859212108887732,
            -0.005144631490111351
        ]
    },
    "has_ik_bones": false,
    "original_shoulder_width": 0.348341587790574,
    "original_spine_length": 0.5398059663800285,
    "skeleton_type": "default_no_toes"
}
